#Specificities of FDA approved drugs for in silico prescription according to clinical guidelines. 
#
#Dependencies columns are the alterations meant to be fulfilled according the clinical guidelines. 
#Possibilities columns are manually curated alterations which could be targeted by the drug but are not part of the clinical guidelines. 
#Genomic alterations in brackets are not mandatory for prescribing a drug to a patient except if there is more than one alteration in brackets in dependencies columns, here at least one of the alterations in brackets should be met. 
#
##CNA_dependencies
##Mutation_dependencies = required specific mutations or required absence of mutations (! preceded) in the interacting gene or other genes
##Fusion_dependencies
##CNA_possibilities
##Mutation_possibilities
##Fusion_possibilities
####
Drug_molregno	CNA_dependencies	Mutation_dependencies	Fusion_dependencies	CNA_possibilities	Mutation_possibilities	Fusion_possibilities
460092	N/A	!SMO:D473H	N/A	N/A	N/A	N/A
691867	N/A	BRAF:V600E	N/A	N/A	N/A	N/A
33576	N/A	N/A	N/A	N/A	N/A	(RET-KIF5B;RET-CCDC6;RET-NCOA4)
1121953	ERBB2:A	N/A	N/A	N/A	(ERBB2:.)	N/A
675581	ERBB2:A	N/A	N/A	N/A	(ERBB2:.)	N/A
1378011	N/A	BRAF:V600E,V600K	N/A	N/A	(MAP2K1;MAP2K2)	N/A
674436	N/A	N/A	N/A	N/A	N/A	RAF1-SRGAP3
1277553	(FGFR2:A;FGFR1:A)	!KRAS	N/A	N/A	N/A	N/A
1377978	N/A	(ABL1:T315)	(BCR-ABL1)	N/A	BCR	N/A
1328912	ERBB2:A	N/A	N/A	N/A	ERBB2:.	N/A
675684	(FGFR3:A;FGFR1:A)	N/A	N/A	N/A	N/A	N/A
675130	ERBB2:A	N/A	N/A	N/A	(ERBB2:.;EGFR:.)	N/A
485100	N/A	(KIT)	(BCR-ABL1)	N/A	N/A	(PDGFRA-FIP1L1;PDGFRB-SART3;PDGFRB-ETV6)
1214046	N/A	BTK	N/A	N/A	MYD88:L265P;CD79B	N/A
1248731	ERBB2:D;HR:A	N/A	N/A	N/A	N/A	N/A
611647	N/A	EGFR:L858R	N/A	N/A	N/A	N/A
361469	N/A	N/A	BCR-ABL1	N/A	N/A	N/A
1377999	N/A	BRAF:V600E	N/A	N/A	N/A	N/A
602271	N/A	N/A	ALK-EML4	(MET:A)	(ALK)	(NTRK1-CD74;NTRK1-MRPIP;NTRK1-TPM3;NTRK1-TPR;NTRK1-TFG;ROS1-SLC34A2;ROS1-FIG;ROS1-CD74;ROS1-TPM3;ROS1-SDC4;ROS1-EZR;ROS1-LRIG3;ROS1-KDELR2;ROS1-CCDC6)
675579	(EGFR:A)	N/A	N/A	N/A	N/A	N/A
a0002	N/A	N/A	ALK	(A:ALK)	(ALK)	N/A
1376138	(MET:A)	(KDR;MET)	N/A	N/A	N/A	N/A
1377982	N/A	EGFR:L858R	N/A	N/A	(ERBB2:.;ERBB4:.)	N/A
426660	N/A	N/A	BCR-ABL1	N/A	N/A	N/A

