#List of therapeutic agents in clinical trials manually curated for specific genomic alterations.
#
#Evidences columns correspond to alterations manually curated for drugs in clinical trials. 
#
##Drug_molregno
##CNA_evidences
##Mutation_evidences
##Fusion_evidences
###
Drug_molregno	CNA_evidences	Mutation_evidences	Fusion_evidences
a0015	N/A	N/A	N/A
a0016	CDK4:A;CDK6:A;CCDN2:A;CCDN3:A;CDKN2A:D	CDK4;CDKN2A;CDK6	CCND2-IGK;CCND2-IGL;CCND2-TCRA;CCND2-TCRD;CCND1-IGH;CCND1-FSTL3
319858	CDK4:A;CDK6:A;CCDN2:A;CCDN3:A;CDKN2A:D	CDK4;CDKN2A;CDK6	CCND2-IGK;CCND2-IGL;CCND2-TCRA;CCND2-TCRD;CCND1-IGH;CCND1-FSTL3
a0021	N/A	CT::missense_variant:2478-2541,1566-1732;CT::feature_truncation:2478-2541,1566-1732	NOTCH1-TRB
a0022	N/A	CT::missense_variant:2380-2445;CT::feature_truncation:2380-2445	N/A
469313	N/A	AKT1;TAOK1	AKT3-MAGI3
508147	N/A	N/A	BCL2-IGH;BCL2-IGK;BCL2-IGL
a0023	N/A	N/A	BCL2-IGH;BCL2-IGK;BCL2-IGL
470511	N/A	AKT1;CLK2;HIPK2;HIPK3;JAK1;MAPK10;MTOR;MYLK4;PIK3C2B;PIK3C2G;PIK3CA;PIK3CB;PIK3CD;PIK3CG;RIOK2	NTRK3-ETV6
a0024	N/A	N/A	NTRK1-CD74;NTRK1-MRPIP;NTRK1-TPM3;NTRK1-TPR;NTRK1-TFG
a0025	N/A	N/A	NTRK1-CD74;NTRK1-MRPIP;NTRK1-TPM3;NTRK1-TPR;NTRK1-TFG
a0026	N/A	N/A	NTRK1-CD74;NTRK1-MRPIP;NTRK1-TPM3;NTRK1-TPR;NTRK1-TFG
435188	N/A	HDAC3;HDAC9;MLL	MLL-MLLT1;MLL-MLLT2;MLL-MLLT3;MLL-MLLT4;MLL-MLLT6;MLL-MLLT7;MLL-MLLT10
494834	N/A	N/A	FGFR3-TACC3;FGF3-BAIAP2L1
