#Drug resistances
#
##DRUG_molregno
##Mutational_resistances
##CNA_resistances
##Fusion_resistances
##Tumor_type_resistant
##Resistance_clinical_evidence
##Source
####
DRUG_molregno	Mutational_resistances	CNA_resistances	Fusion_resistances	Tumor_type_resistant	Resistance_clinical_evidence	Source
674436	FLT3:D835.			AML	preclinical	Gene drug knowledge database
276734	FLT3:D835.			AML	preclinical	Gene drug knowledge database
573133	FLT3:F691.,D835.,N676.,Y842.			AML	preclinical	Gene drug knowledge database
1377978	FLT3:D835.,Y842.			AML	preclinical	Gene drug knowledge database
649637	FLT3:D835.,Y842.			AML	preclinical	Gene drug knowledge database
1377978	FGFR2:V565I			UCEC	preclinical	Gene drug knowledge database
649637	FGFR2:V565I			UCEC	preclinical	Gene drug knowledge database
611647		IGF1R:A		LUAD	preclinical	Gene drug knowledge database
14785		IGF1R:A		LUAD	preclinical	Gene drug knowledge database
494834	FGFR2:V565I,M536I,M538I,I548V,N550.,E566G,L618M,K660E 			UCEC	preclinical	Gene drug knowledge database
675778	NRAS:.12.,.61. 			COREAD	NCCN guidelines	Gene drug knowledge database
675579	NRAS:.12.,.61. 			COREAD	NCCN guidelines	Gene drug knowledge database
675778	BRAF:V600.			COREAD	late trials	Gene drug knowledge database
675579	BRAF:V600.			COREAD	late trials	Gene drug knowledge database
675778	KRAS:.			COREAD	FDA label	FDA label
675579	KRAS:.			HNSC;COREAD	FDA label	FDA label
675581		MET:A		BRCA	early trials	Gene drug knowledge database
675581		HGF:A		BRCA	early trials	Gene drug knowledge database
1121953		MET:A		BRCA	early trials	Gene drug knowledge database
1121953		HGF:A		BRCA	early trials	Gene drug knowledge database
462435	LRP1B:.	LRP1B:D		OV	early trials	Gene drug knowledge database
78759	LRP1B:.	LRP1B:D		OV	early trials	Gene drug knowledge database
485100	KIT::CT::missense_variant:788-828,829-860			CM	early trials	Gene drug knowledge database
88797	KIT::CT::missense_variant:788-828,829-860			CM	early trials	Gene drug knowledge database
1214046	PLCG2:R665W,L845F;BTK:C481S			CLL	early trials	Gene drug knowledge database
675579	EGFR:S492R			COREAD	case report 	Gene drug knowledge database
460092	SMO:D473H			MB	case report	Gene drug knowledge database
691867	MAP2K1:K57E,E203K,Q56P			CM	case report	Gene drug knowledge database
52087	AR:T877A			PRAD	case report	Gene drug knowledge database
630886	AR:F876L 			PRAD	case report	Gene drug knowledge database
602271	ROS1:G2032R			LUAD	case report	Gene drug knowledge database

